Date,NVDA,QQQ,TSLA
2023-01-04,0.03031776737958114,0.004763864503384729,0.05124885285593783
2023-01-05,-0.03281588361436116,-0.015654611457972978,-0.029039097760312105
2023-01-06,0.041640524289391356,0.027601466770512006,0.024651090365942707
2023-01-09,0.051753055811882165,0.006473598402805036,0.059349011404278285
2023-01-10,0.017980757977745565,0.008464240699049386,-0.007681374256751861
2023-01-11,0.005782656387002039,0.017300210893303358,0.036769060182475055
2023-01-12,0.03187302881201437,0.005404466353664317,0.0027592625752506095
2023-01-13,0.023499530488094722,0.006880495751505178,-0.009388119582672827
2023-01-17,0.04751764516484358,0.0020288406344135534,0.07426473736900463
2023-01-18,-0.018359542377354376,-0.013000080451498253,-0.020609982513142944
2023-01-19,-0.03521894434026651,-0.009824550041704683,-0.012501946153228194
2023-01-20,0.0640620895081836,0.027367196284372675,0.0491468120625187
2023-01-23,0.07590116418757353,0.022215829132242737,0.07742468874848996
2023-01-24,0.0037512594302466784,-0.002041892513085841,0.0009739087975544347
2023-01-25,0.0030107416913252028,-0.0022190868367285566,0.003752820129427681
2023-01-26,0.024788934173150645,0.019497289473022983,0.10967259156647335
2023-01-27,0.02843153465363235,0.009954312909763008,0.11000180416824756
2023-01-30,-0.05907186444675705,-0.020218780457304963,-0.06318150994943417
2023-01-31,0.019570148967028578,0.01498607878933833,0.03936155894904236
2023-02-01,0.07196592550450043,0.021383422994801782,0.047280928205116535
2023-02-02,0.03657525049465371,0.03589018753526996,0.03781489703913388
2023-02-03,-0.028052897286768852,-0.01777261775434269,0.009082654784473565
2023-02-06,-0.0005211713180603983,-0.008458930631134454,0.025160537355481072
2023-02-07,0.05140116100750047,0.020718708333086422,0.010525791279409002
2023-02-08,0.001443164702366273,-0.01778122575950747,0.022763049555982517
2023-02-09,0.005944722728062235,-0.008837892023704552,0.029956849516678652
2023-02-10,-0.04799220715417707,-0.0065632796362972146,-0.05030873801899527
2023-02-13,0.02459425476872701,0.01601603632813897,-0.011427700782035255
2023-02-14,0.05429604315377401,0.007389209996689239,0.0750616556523096
2023-02-15,-0.009011352600493128,0.007661017257746483,0.02384709913101113
2023-02-16,-0.033473810805778825,-0.018764359531757813,-0.05694553722096751
2023-02-17,-0.027906655486997223,-0.0070555850466077485,0.031033480898909227
2023-02-21,-0.03427145213807059,-0.023675156014903553,-0.05251789433835996
2023-02-22,0.004792982530084755,0.0007482854649425441,0.017682553475729224
2023-02-23,0.14021373041921392,0.008734084461714753,0.006024129792842503
2023-02-24,-0.015973577155750762,-0.01674417875343004,-0.025684180003413215
2023-02-27,0.009233060581342656,0.007161225978413288,0.0546017865369246
2023-02-28,-0.012127066111925933,-0.0012927735783132555,-0.009247209573726933
2023-03-01,-0.0223123053359785,-0.008039163812812888,-0.014291975817664837
2023-03-02,0.027139092453904334,0.00827586383257839,-0.05853928157947319
2023-03-03,0.024706046419227023,0.020673705955524868,0.03609219282314147
2023-03-06,-0.01406443167769622,0.0011344500924788115,-0.020122331071529054
2023-03-07,-0.011125182128899569,-0.012265624862646374,-0.03147407730028162
2023-03-08,0.038345808579559604,0.0049942517783887475,-0.03041929843714275
2023-03-09,-0.030809240775071967,-0.01732597425071203,-0.04989011995084991
2023-03-10,-0.020097259306185666,-0.014043631077282681,0.0030071956856769777
2023-03-13,4.347122828085581e-05,0.0074163571051755195,0.005996271168666301
2023-03-14,0.04776623702392446,0.022980175230587374,0.050320947926932424
2023-03-15,0.006857040684928206,0.005245629737463897,-0.015333393227232373
2023-03-16,0.054193511688062745,0.026360946340203695,0.020393505108375454
2023-03-17,0.007204084461937654,-0.004726128666231122,-0.02172378153438792
2023-03-20,0.006802697868991681,0.0035488539485952764,0.017320796272765726
2023-03-21,0.01154450096244708,0.014282513297084742,0.07819919143822474
2023-03-22,0.010267552046676176,-0.013598139970030343,-0.03254381959196684
2023-03-23,0.027315892048696666,0.011858110316767423,0.0055977366381618765
2023-03-24,-0.015151982092639793,0.0036806789708021537,-0.009416281069083654
2023-03-27,-0.009260938977182387,-0.006851563312761821,0.007352522816861606
2023-03-28,-0.004560867894481624,-0.005311508958386613,-0.013659325116185062
2023-03-29,0.02173425489983649,0.018234062646075522,0.024789906342217005
2023-03-30,0.014786552131351938,0.009465145570301203,0.007220929756684091
2023-03-31,0.014388529328626998,0.01663077798458512,0.06237201971890638
2023-04-03,0.006768067185889848,-0.0024303749275892406,-0.061168427796826186
2023-04-04,-0.018308500825884533,-0.0033734818509153497,-0.011244043709844997
2023-04-05,-0.020835582942634323,-0.009872449187650956,-0.036660076287605925
2023-04-06,0.005803315569637091,0.006742181902016142,-0.002479553165553039
2023-04-10,0.020046678271517404,-0.0005659269323068372,-0.0029720256079851515
2023-04-11,-0.014866414957167118,-0.006417795254885839,0.012357047570192181
2023-04-12,-0.024807731422234247,-0.008833722441394243,-0.03346003653646468
2023-04-13,-0.0012078314450866268,0.0195820211455624,0.029688716127604264
2023-04-14,0.011147703647055973,-0.0018796417760940098,-0.004841279860318459
2023-04-17,0.009118899668419944,0.000847310108887056,0.011026990735853115
2023-04-18,0.024627703741971763,6.267099099743767e-05,-0.014595786064655836
2023-04-19,0.009541998689410303,-0.00047044018899999873,-0.020183393575926356
2023-04-20,-0.02960866266435458,-0.00762438754210637,-0.09745828230593856
2023-04-21,0.0005534783001857058,0.0010434696752705808,0.012822849668400638
2023-04-24,-0.0028392743907628137,-0.0020845682652075315,-0.015325895028073244
2023-04-25,-0.029620635212732727,-0.0188637452471222,-0.011565701922588656
2023-04-26,0.027247473173231285,0.006064555137202721,-0.04306963495243776
2023-04-27,0.010016245143398939,0.027191006369614135,0.041886194740853755
2023-04-28,0.019209636318791246,0.0068985452081729015,0.025719427270091355
2023-05-01,0.04183928992638686,-0.0011469545341344922,-0.015093395194377579
2023-05-02,-0.024213189687736003,-0.008721556072372794,-0.00939259874721976
2023-05-03,-0.014462905543003002,-0.006544204126866293,0.0018713932775662467
2023-05-04,-0.008632429568469102,-0.0035294546109969627,0.003673471985857102
2023-05-05,0.04056303556353069,0.021254282304693506,0.05496278398315546
2023-05-08,0.016422573444440314,0.0024775067581668253,0.010172855182730478
2023-05-09,-0.019896439664091936,-0.006333220301640519,-0.015367597024416146
2023-05-10,0.010990240733039114,0.010881867807719381,-0.0036062703657255835
2023-05-11,-0.01062830728258879,0.0032600608106390094,0.021003967520705658
2023-05-12,-0.008328093375317147,-0.0035868079318344126,-0.023826162598143963
2023-05-15,0.02163016836613396,0.005415067657130512,-0.009703474612936969
2023-05-16,0.008980053928187681,0.0011321079542956358,0.001021930644472091
2023-05-17,0.03303317961040397,0.012103985396016093,0.04407876621166107
2023-05-18,0.04970529806916679,0.018573329594641086,0.01742780840135616
2023-05-19,-0.013069062155234734,-0.0022531987292804256,0.018373000232992265
2023-05-22,-0.0028148245022282525,0.0033580627892193515,0.04846228354123516
2023-05-23,-0.015653109149355693,-0.012676384714457867,-0.01641335799687571
2023-05-24,-0.004887825581613048,-0.005129670597233349,-0.015449266889003499
2023-05-25,0.2436964872897136,0.024333003248753426,0.008583965973816943
2023-05-26,0.025434547222922488,0.02555045992870575,0.047162123329924865
2023-05-30,0.0299130955760456,0.004534940919501018,0.041362559242642094
2023-05-31,-0.05676752156145515,-0.005685839760106504,0.013770078361723614
2023-06-01,0.05117094667028321,0.01155190536553774,0.017604137329555458
2023-06-02,-0.01113916249655622,0.007499820242641286,0.031081326211682914
2023-06-05,-0.003966664948445109,0.0007048542963354887,0.017011727666879306
2023-06-06,-0.013198496328683085,-0.00016899699497852083,0.017002881015874438
2023-06-07,-0.030401289315307056,-0.016965329417807373,0.014730512862447087
2023-06-08,0.027618633285149352,0.012413173860102988,0.045820870777622646
2023-06-09,0.006751524624152072,0.0038226784592823027,0.0406199151040636
2023-06-12,0.01836469256141382,0.01689709604538625,0.02221770896144215
2023-06-13,0.039005141727934234,0.007684080759590817,0.035544128242966044
2023-06-14,0.04814491331650661,0.007267468263458365,-0.007421371317580694
2023-06-15,-0.008000558246615608,0.011915777762819824,-0.0034659239799892383
2023-06-16,0.0009142880053754077,-0.0062929486360481235,0.01813214052015355
2023-06-20,0.026140613440453597,-0.001431491981590427,0.05338912722001776
2023-06-21,-0.017416773865916446,-0.013627649044190115,-0.054618400747766804
2023-06-22,-0.0004645980951566431,0.011798796748414997,0.019848894111198723
2023-06-23,-0.018965726196756405,-0.009913379069626194,-0.030270888067223778
2023-06-26,-0.037361739749496414,-0.01340548142294784,-0.060600166336257755
2023-06-27,0.03061624436176258,0.01719420090892121,0.03800042956291749
2023-06-28,-0.01812496650006945,0.0019514145480850065,0.0240996896954786
2023-06-29,-0.007174688975501442,-0.0020025229276824374,0.004917303362650394
2023-06-30,0.0362550900934977,0.015420075955351997,0.016582481606492783
2023-07-03,0.002623858587224026,0.0023551041871059386,0.06895373445427366
2023-07-05,-0.0022632835945555208,-2.6902843555332012e-05,0.009506123909958086
2023-07-06,-0.005057055029717983,-0.007615965445793349,-0.021028045208104085
2023-07-07,0.009500400738374104,-0.003320053344469165,-0.007630056425625198
2023-07-10,-0.007599493678434821,0.0003276712130659831,-0.01756370459810941
2023-07-11,0.005334209366495868,0.004940649630361227,0.000667717084456676
2023-07-12,0.03530243541308686,0.012629835186369176,0.008154422401772665
2023-07-13,0.0472644879304418,0.016978661866753342,0.02172875427149612
2023-07-14,-0.011049023774579947,-0.00021092778934050926,0.012522529912772917
2023-07-17,0.021817040667601262,0.00933860472966419,0.03198521516746822
2023-07-18,0.02223370643797562,0.008180659546876301,0.010193509901870401
2023-07-19,-0.008780003838639527,-0.0002332297914967585,-0.007090702250741598
2023-07-20,-0.033073540940208535,-0.02305205687192846,-0.09737009860008494
2023-07-21,-0.026603754550502123,-0.0029992296844990607,-0.010954754468143868
2023-07-24,0.006838400456806504,0.00159731804748664,0.03476659075024635
2023-07-25,0.02391725926668764,0.006777816553841465,-0.014048906614123058
2023-07-26,-0.004969316258350953,-0.0033264395629293286,-0.0035057022016762307
2023-07-27,0.009856495817155864,-0.0023840637157663824,-0.032683938680391544
2023-07-28,0.01851861862418791,0.01821457609670496,0.04196157931177735
2023-07-31,-0.00044941600007508686,0.0005215670180540588,0.00371562162326855
2023-08-01,-0.004750806294097409,-0.002319581893085898,-0.023781870118334214
2023-08-02,-0.04812151737651005,-0.021944248610910932,-0.02665954157355066
2023-08-03,0.005556751739643095,-0.001602525963680601,0.020502958173047814
2023-08-04,0.00370663992340603,-0.004681791542168079,-0.02105509239416581
2023-08-07,0.016495211764816498,0.00846688150349073,-0.009493435973824349
2023-08-08,-0.016579616974631062,-0.00850241354686665,-0.006959634206558429
2023-08-09,-0.04724174719784324,-0.010994598590117866,-0.03007606967809695
2023-08-10,-0.0039008639113754517,0.001848375210833808,0.013006292021680244
2023-08-11,-0.03616598649478253,-0.006375751245567551,-0.01096438608281991
2023-08-14,0.07093376318113287,0.011222168853985304,-0.011910156448968756
2023-08-15,0.004273991208776584,-0.010611535356260804,-0.028361644764614224
2023-08-16,-0.01033240395125512,-0.010588990708723212,-0.03159340830287438
2023-08-17,-0.0032652913608473,-0.010922909009607906,-0.028280162722535862
2023-08-18,-0.0010382447296684028,-0.0012549943962679722,-0.017014851321818125
2023-08-21,0.08471322103805079,0.016111429011750555,0.073274828918382
2023-08-22,-0.027657684383343373,-0.0014290391397233648,0.008258403978685713
2023-08-23,0.031707216768528834,0.015768744827868053,0.01573823118710882
2023-08-24,0.0009974167303672399,-0.021375837806748788,-0.02879341090367582
2023-08-25,-0.02427739713720445,0.00775148850333629,0.037167463490241914
2023-08-28,0.017753767572020962,0.007527157795291561,0.0009640428763089126
2023-08-29,0.04161429327091182,0.021839840997313065,0.07687791972402569
2023-08-30,0.009839319672606317,0.005576778819995631,-0.0010887269121663268
2023-08-31,0.001847338735022852,0.0029984339185800124,0.004593198535678855
2023-09-01,-0.01714127757961237,-0.0010582847242616156,-0.05064318329763218
2023-09-05,0.00080391532574553,0.0012712870527820108,0.046855214011356505
2023-09-06,-0.030549561873693842,-0.008807926372717212,-0.017817428513501543
2023-09-07,-0.017424237754483318,-0.0071515887323799765,-0.0017068620153485314
2023-09-08,-0.014467678003344697,0.0013976975450364915,-0.01188916230408743
2023-09-11,-0.008645668551380603,0.011782679687546649,0.10092549928477124
2023-09-12,-0.006817495362729353,-0.01108838264362122,-0.022296863386701782
2023-09-13,0.01370638286578374,0.0038090246115205506,0.014281354305895722
2023-09-14,0.0021105857653824778,0.00817736746490616,0.017471511114000693
2023-09-15,-0.03687952551000073,-0.017123052613477796,-0.005977372284481253
2023-09-18,0.0015034767247161795,0.0010422329615935588,-0.033200974462619715
2023-09-19,-0.010144258425087593,-0.0021312192998071966,0.004598918977371191
2023-09-20,-0.029434686811346977,-0.014410420351256725,-0.014671683535119606
2023-09-21,-0.028930584705939122,-0.01832453079369123,-0.026238620989897266
2023-09-22,0.014457343165060088,0.00013967589667096547,-0.042315182614647506
2023-09-25,0.014708129773590262,0.00474978460289166,0.008616467528091087
2023-09-26,-0.007365849358938137,-0.01501614134039575,-0.011619945391094011
2023-09-27,0.013289957255966822,0.0023433146022828755,-0.014828753029631048
2023-09-28,0.014622907625110537,0.008365239154877635,0.02444908475181906
2023-09-29,0.009515212771517456,0.0007262173524700266,0.015585665483353939
2023-10-02,0.029494784528924622,0.008345697633219906,0.005515166158101437
2023-10-03,-0.02824797311585503,-0.017549824611211573,-0.020151062008054166
2023-10-04,0.01204131216559956,0.013608828499985126,0.05934371052307452
2023-10-05,0.01469092065084543,-0.002946464967663376,-0.00425032873937603
2023-10-06,0.02403322710492528,0.016755392745858133,0.001845841218459432
2023-10-09,-0.010685646467348375,0.005099881215104407,-0.003300907210654902
2023-10-10,0.011596186005376374,0.005538119968692579,0.015211543440507347
2023-10-11,0.0220097381377391,0.007135103222685402,-0.002389822071472425
2023-10-12,0.0029697413714648846,-0.0034748277419994755,-0.015665976919941982
2023-10-13,-0.03161149745822889,-0.012569951834990323,-0.02993780718577166
2023-10-16,0.013946154876935069,0.011306270126716145,0.01115006015531006
2023-10-17,-0.04679478033664142,-0.0032753423404272564,0.0036626021631882555
2023-10-18,-0.039646788746151795,-0.013117908813300327,-0.04775363208267347
2023-10-19,-0.0022513069303491395,-0.009356827564630077,-0.09300310180733784
2023-10-20,-0.01695925593634251,-0.014917876031280475,-0.036890623300491754
2023-10-23,0.038369585877956025,0.003017571646309003,0.0004245310418349302
2023-10-24,0.016009232789084393,0.009728072576980384,0.02093550737020089
2023-10-25,-0.04314871664237463,-0.02447580539716232,-0.018935922882932887
2023-10-26,-0.034778161430528365,-0.019067259501510447,-0.031352997455599385
2023-10-27,0.004314816329250348,0.004801198384870142,0.00748448962886572
2023-10-30,0.01632097704762181,0.011265271008853661,-0.04794984223383958
2023-10-31,-0.009256332187875582,0.0047823549873686755,0.017632730628176496
2023-11-01,0.037886415445245625,0.017356868392474745,0.023999240251476817
2023-11-02,0.02790297267193642,0.018153364117579285,0.06248172039245192
2023-11-03,0.034454983317861565,0.011748733720954307,0.006635907937775798
2023-11-06,0.016575916849357997,0.0040793742248677045,-0.0031369449915676917
2023-11-07,0.004459012946880447,0.009452646484978011,0.013271256198382764
2023-11-08,0.013469735040613884,0.0006437984890006465,-0.00031502415940676265
2023-11-09,0.00807316628617949,-0.007695594992122801,-0.054612601186257326
2023-11-10,0.02949941839346515,0.0224821375786477,0.022240205086035525
2023-11-13,0.005896266737485778,-0.0031183366933319467,0.04220830689495392
2023-11-14,0.02130800970612734,0.021526459334979098,0.06123998273248876
2023-11-15,-0.015466257238157755,0.0007525755086899011,0.022871793909364557
2023-11-16,0.01210940192988108,0.0008557543592440098,-0.038090924639652135
2023-11-17,-0.0036783225435974565,0.00023332625750449587,0.0030395424675642158
2023-11-20,0.022536299811320548,0.012174788860985997,0.005548455120893081
2023-11-21,-0.00922453203814566,-0.005809481424720819,0.023769060694616817
2023-11-22,-0.024587523530152144,0.004093024395042555,-0.028980059381488954
2023-11-24,-0.019295414807267597,-0.0014099958831890191,0.00529435207219775
2023-11-27,0.009753839135594689,-0.0008729049310086667,0.0026757481035388775
2023-11-28,-0.008726786551553345,0.0026210026791890773,0.04506946504203557
2023-11-29,0.0066707346907337595,-0.0009739925309293351,-0.010457205813430348
2023-11-30,-0.028458680418452675,-0.0025140699712359327,-0.016629792613843564
2023-12-01,-0.0001069103766232482,0.0028548133701113976,-0.005206597761023168
2023-12-04,-0.026836475909455704,-0.009283579644241868,-0.01360800559009756
2023-12-05,0.02329377022589263,0.002510952832230906,0.013328802806870987
2023-12-06,-0.022827943558169528,-0.005783779079724272,0.002722829646282676
2023-12-07,0.02402049795682215,0.013972203697915297,0.01366087788429815
2023-12-08,0.01952953376024058,0.004456627912635014,0.0049455858525417895
2023-12-11,-0.0185029192577173,0.008542150157165418,-0.01681426716823431
2023-12-12,0.022090206142952207,0.00796429404379495,-0.011387381846063915
2023-12-13,0.009043917405150426,0.012717256161088208,0.009619842336358264
2023-12-14,0.0054481611573133915,-0.0008668538103729917,0.04914543063053567
2023-12-15,0.011168657158583617,0.004833902751556707,0.009758999874367902
2023-12-18,0.02427891714443242,0.006298657133981367,-0.005601570686174839
2023-12-19,-0.00944538082838664,0.005109616090720026,0.0203903496997484
2023-12-20,-0.030098468293221936,-0.014859692950064618,-0.03918825045959673
2023-12-21,0.018270403011719782,0.011635410000980562,0.029780693649462897
2023-12-22,-0.0032660488677196398,0.0014959265206337946,-0.007701401626197146
2023-12-26,0.009195114989155817,0.006121759345031341,0.01611622781987765
2023-12-27,0.0028004017125837777,0.0020357491965994345,0.018822405072142834
2023-12-28,0.002124904337599043,-0.0004861494217540674,-0.03159428430420175
2023-12-29,0.0,-0.004327725485968159,-0.018563856087399966
2024-01-02,-0.02734152884807317,-0.01692217477598945,-0.0002414583049958896
2024-01-03,-0.012435519229122005,-0.010581507998646433,-0.04013364984377277
2024-01-04,0.009018444714437912,-0.005146393525005344,-0.0021807686270334248
2024-01-05,0.022896638237568823,0.0011860028337473683,-0.001849229589212631
2024-01-08,0.06428101236066586,0.020667940168952015,0.012463646412957496
2024-01-09,0.016975161320128107,0.001975442419962725,-0.02283214932024613
2024-01-10,0.02277009320529233,0.006777689005811327,-0.004341182513256769
2024-01-11,0.008684384771284748,0.002080855944270432,-0.028725319101363445
2024-01-12,-0.002043016262259112,0.0005129421538405676,-0.036660513098772496
2024-01-16,0.0305612042378256,-9.78108207809747e-05,0.004659894354722027
2024-01-17,-0.0058351174686227525,-0.005640699843178831,-0.019826295019533036
2024-01-18,0.018803541596946083,0.014194192830711216,-0.017026203279914
2024-01-19,0.04174618912092054,0.019830891359315705,0.0014630807600990448
2024-01-22,0.002739842384162694,0.001306111602890514,-0.015976244642273096
2024-01-23,0.003671249704096491,0.0041494521771783255,0.0016283349277841364
2024-01-24,0.024869191881781827,0.0055492038968785184,-0.006263735117226887
2024-01-25,0.004155715365032009,0.0012210765895217524,-0.12125293136804816
2024-01-26,-0.00951033827082537,-0.005957432107238647,0.0033948152034783963
2024-01-29,0.02349631277604769,0.010240448889696552,0.04190991910385411
2024-01-30,0.0049466539179534585,-0.006656642370271082,0.0034567835721344142
2024-01-31,-0.019864808066889394,-0.019586135181523634,-0.02244377647032403
2024-02-01,0.024379482199792024,0.011775399939252473,0.008382761388752824
2024-02-02,0.04970894464525544,0.016900512812721757,-0.0050301649114266045
2024-02-05,0.04794448794087436,-0.001305258261493969,-0.03645365318513305
2024-02-06,-0.01599560758526075,-0.0020071954952169957,0.0223130928940527
2024-02-07,0.027497962550309785,0.010290162148948623,0.01339813963135228
2024-02-08,-0.006533628953337756,0.0018519342805147776,0.010555473441792307
2024-02-09,0.035783659837714143,0.009843060978077522,0.021154303741671487
2024-02-12,0.001594094485231068,-0.003912554284822289,-0.028103539988478476
2024-02-13,-0.001660654480433732,-0.015597020577494902,-0.021846598116614713
2024-02-14,0.024567411613121815,0.01089714394434771,0.025486372853585015
2024-02-15,-0.016806715745130263,0.0029777851847789805,0.06221180550417671
2024-02-16,-0.000619310121092731,-0.009067676739380914,-0.0024943876658132247
2024-02-20,-0.04353194619311895,-0.007548106943681576,-0.030957752117438453
2024-02-21,-0.028509058264894582,-0.004001786359817405,0.00521268473502845
2024-02-22,0.1640089021046789,0.029275664244802657,0.013554445406056326
2024-02-23,0.0035523460791770933,-0.0029448171071195794,-0.027556873210526134
2024-02-26,0.0034891204079210425,-0.000526516337774452,0.03870392576202142
2024-02-27,-0.004943757460272313,0.002405265367651621,0.0016549741281637331
2024-02-28,-0.013189106417284324,-0.005324447142862843,0.01156560160219966
2024-02-29,0.018657617499233226,0.00856930532939515,-0.0007918650199801869
2024-03-01,0.040031852037963,0.015056986905341185,0.003764585340074067
2024-03-04,0.03595078573112387,-0.003568116673639543,-0.07155546804023882
2024-03-05,0.008576480633962769,-0.017949647906775446,-0.03933237971984138
2024-03-06,0.03182718001696805,0.006283686266267852,-0.02323786698783792
2024-03-07,0.04474638759934346,0.015178170570107952,0.011951969472048907
2024-03-08,-0.05547701867579824,-0.0144348313695003,-0.018527834714126334
2024-03-11,-0.020039228209568494,-0.0037128533920910423,0.013858834181150304
2024-03-12,0.07157175956886364,0.014334832289789157,-0.0012938683737420131
2024-03-13,-0.011151869313325569,-0.007686020839493213,-0.04539820808488959
2024-03-14,-0.03239154278074419,-0.002521259500044337,-0.04118477639544138
2024-03-15,-0.001216567713315353,-0.01188669953573418,0.006584660456730784
2024-03-18,0.007035611330181046,0.00953741400945507,0.06254200201423088
2024-03-19,0.010660896911182327,0.0024914547491587946,-0.014269250195585559
2024-03-20,0.010895001234604518,0.011856608095495602,0.025332688257929448
2024-03-21,0.011762473144734775,0.004732257156290665,-0.016167575308454918
2024-03-22,0.031213553780188974,0.0011438100220728664,-0.01151490226146512
2024-03-25,0.007561786035721996,-0.0036290954176327883,0.010536808713131895
2024-03-26,-0.02569416407656966,-0.0032377428947205633,0.029195349264770964
2024-03-27,-0.02496733638754467,0.0034060462353455723,0.012157391142962881
2024-03-28,0.0011745727330991773,-0.0018433546356270147,-0.022465709302040393
2024-04-01,7.737949115727005e-05,0.002117136286576393,-0.003242460249155976
2024-04-02,-0.010081531062843374,-0.008630271163187708,-0.049024062767074494
2024-04-03,-0.005455347858742021,0.002244354144712357,0.01050231020055925
2024-04-04,-0.03438485514817047,-0.01529063759600413,0.016213301154368365
2024-04-05,0.024480604594165012,0.011783899493936545,-0.036292482565110196
2024-04-08,-0.009942286930674893,0.00029511737937437665,0.04899940648952894
2024-04-09,-0.020417225409504303,0.0036994035065442965,0.02254601255405486
2024-04-10,0.019741496373553602,-0.008728447840932407,-0.028946236061948905
2024-04-11,0.041096471839071835,0.015968244770742546,0.01653476762638495
2024-04-12,-0.026816519517135706,-0.015941767414041186,-0.020332204625772565
2024-04-15,-0.02477715988703988,-0.016451052069099692,-0.05594859487563397
2024-04-16,0.01644179419538183,9.288098319348848e-05,-0.027062145360474688
2024-04-17,-0.03866612343520437,-0.012201471766303706,-0.010565868854054306
2024-04-18,0.007568191198398022,-0.005706284710805032,-0.03550983840996058
2024-04-19,-0.10004602019930664,-0.020689258179018233,-0.0192088959161848
2024-04-22,0.043543274772318785,0.010056899492011828,-0.03400203941675628
2024-04-23,0.03653268890081707,0.014922656626576769,0.018514534090260826
2024-04-24,-0.03331592341115941,0.0033877937921433787,0.12061109407252757
2024-04-25,0.03708725624312659,-0.004829817444906959,0.04965143743002587
2024-04-26,0.061755772448503166,0.015431703798871599,-0.011105884774887609
2024-04-29,0.0002507312487260993,0.004060270363382301,0.1530691710339953
2024-04-30,-0.01544046012350242,-0.018856229763854482,-0.05550118063944742
2024-05-01,-0.03889966357878605,-0.0072304480445363195,-0.017950640048260635
2024-05-02,0.03342940477254075,0.012763216704409164,0.0001110562423569661
2024-05-03,0.034631830947632114,0.020098480434752153,0.006555235656792835
2024-05-06,0.03774109786704716,0.010953302993470304,0.019703030064167848
2024-05-07,-0.017212875265491312,0.00015916623455747292,-0.03761635178001177
2024-05-08,-0.0015679759993971754,-0.0005906454921433824,-0.017378079862311324
2024-05-09,-0.018415800626419343,0.002181595823778304,-0.01573946875450305
2024-05-10,0.012744084590275317,0.0023582042060399377,-0.02035238689978358
2024-05-13,0.0057967898125694806,0.002307336465335208,0.020300339194899042
2024-05-14,0.010586406128782588,0.006432320474318187,0.03292805679333921
2024-05-15,0.035837836370054665,0.01563017369466757,-0.02005067585133169
2024-05-16,-0.0028639159973898876,-0.0020312081581006503,0.004885285464054867
2024-05-17,-0.01992387441592125,-0.0004868262766899445,0.014985188920464187
2024-05-20,0.024881352199890072,0.0069727041500662335,-0.014144086952910362
2024-05-21,0.0063937901136965625,0.001956478384908422,0.06659050790792542
2024-05-22,-0.004570946617741933,-0.00019762214712981674,-0.03478030697150003
2024-05-23,0.09319639896128762,-0.004498328827486131,-0.03536724832380789
2024-05-24,0.02572284561130478,0.009456533551347457,0.03165649721483632
2024-05-28,0.06980423931407276,0.0037775793735861374,-0.01389201861667555
2024-05-29,0.008112274332450431,-0.007048322132194751,-0.0031683030189180172
2024-05-30,-0.037666025149459825,-0.010713402000689043,0.014756744473008343
2024-05-31,-0.007846030306955076,-0.0018603570233469702,-0.003971091681523098
2024-06-03,0.04895417755640796,0.005369428404651044,-0.0100517100545634
2024-06-04,0.012495725597142071,0.0027364908642375507,-0.008622094682395387
2024-06-05,0.051555789567253374,0.020159807648348682,0.0013159908560766986
2024-06-06,-0.011777198739792327,-0.0003452333269399199,0.01680001395089281
2024-06-07,-0.000909145618860574,-0.0008848330921067404,-0.0025851787543875737
2024-06-10,0.007461436961645029,0.004039284343522187,-0.020791089307163446
2024-06-11,-0.007143955251461054,0.006862713942581422,-0.018010183238054034
2024-06-12,0.035480896436300036,0.013097755694337687,0.03884911216309472
2024-06-13,0.03522367904574142,0.005420197903977186,0.029217711832219218
2024-06-14,0.01751415623203978,0.00518117690135389,-0.024442410719736185
2024-06-17,-0.006824448891115331,0.01224996777693188,0.052974598199923895
2024-06-18,0.035119816994186204,0.0003091634511573904,-0.013764414198944475
2024-06-20,-0.03540337020764539,-0.00770798722020416,-0.017797215597047833
2024-06-21,-0.03219153675196895,-0.002679346653344572,0.00793075466503601
2024-06-24,-0.06684045674255823,-0.011384569418045998,-0.0023495584322592578
2024-06-25,0.06756398466625813,0.011435544218613147,0.026125557150967316
2024-06-26,0.0024587312075337042,0.002065109664565856,0.04814512260377568
2024-06-27,-0.019066577720541433,0.0025813760605928326,0.0053470646120412635
2024-06-28,-0.003629235986085555,-0.005190927647211407,0.002330091774560339
2024-07-01,0.006151875293954445,0.0058651513481216,0.060541719385108106
2024-07-02,-0.013113505328165465,0.010499564353799506,0.10197271435359379
2024-07-03,0.04573243761532808,0.008337145773516408,0.06542422054051067
2024-07-05,-0.019098734636318726,0.01042682420148,0.02082067005771515
2024-07-08,0.018834811407749008,0.0023782209849330105,0.005645666924397386
2024-07-09,0.024805122003841662,0.0008646653539354787,0.03712336538398886
2024-07-10,0.02686850899904214,0.010426462468531295,0.003545241645880992
2024-07-11,-0.05566672108969151,-0.02193014822670425,-0.08444127539962887
2024-07-12,0.01444277674849781,0.00587481966560266,0.029871787680814776
2024-07-15,-0.006190235865809246,0.0026878667470826567,0.01776579679334911
2024-07-16,-0.016194197741704275,0.0003829604876925963,0.015516142251486675
2024-07-17,-0.06623935573209483,-0.0293549660320771,-0.031415644041518975
2024-07-18,0.026273480087783296,-0.004732503385552755,0.002937608561525362
2024-07-19,-0.026096330917667054,-0.008863644766766265,-0.040243947162209914
2024-07-22,0.04757064137438993,0.014897783936132836,0.05146320115237035
2024-07-23,-0.007689875007174107,-0.00352457862945188,-0.020396762498772203
2024-07-24,-0.06803167399404408,-0.035870310472762124,-0.12334604589403697
2024-07-25,-0.017242906563669003,-0.011027736534747312,0.01972310939623889
2024-07-26,0.006946911371310538,0.010256035139872166,-0.0020431189477511102
2024-07-29,-0.013002005470151401,0.0020087613532049353,0.055959976710561854
2024-07-30,-0.07043632602390049,-0.013731449849187949,-0.04084450985365373
2024-07-31,0.12812104564787474,0.029593768398352926,0.04244907202543402
2024-08-01,-0.06674064539154367,-0.02422157922275392,-0.06554059651757449
2024-08-02,-0.017764007467723553,-0.023734878439963136,-0.042377581921705376
2024-08-05,-0.06357786559240008,-0.029816129644943845,-0.04232673647438423
2024-08-06,0.03782982539238966,0.009555028359080175,0.008849529684359148
2024-08-07,-0.05122302078215435,-0.01082977096845994,-0.044258397676563366
2024-08-08,0.06126776273202372,0.0305910531333764,0.036921162045623124
2024-08-09,-0.002095756376900848,0.005222226458494461,0.005833854775063374
2024-08-12,0.04076363730951016,0.0021535952010505177,-0.012549972534179665
2024-08-13,0.06530909677446006,0.02481277710411245,0.05235706137163754
2024-08-14,0.016703975728256104,0.0003243376733119696,-0.0310349655555765
2024-08-15,0.04048109712866221,0.025263177465342457,0.06336276788880446
2024-08-16,0.013999678086919376,0.0012856973360184654,0.009246267550119258
2024-08-19,0.043506127873444767,0.013135991720836904,0.030538618603692225
2024-08-20,-0.021153796702381267,-0.0020986250341477053,-0.007273684933137958
2024-08-21,0.009823181061501485,0.004664149443688315,0.009814554993405888
2024-08-22,-0.03704276973743448,-0.015854878311186926,-0.056478704568676985
2024-08-23,0.04549845572767319,0.010845544011954367,0.04585589810206048
2024-08-26,-0.02249359191885625,-0.009708392949136169,-0.0322712435275504
2024-08-27,0.01455019389897938,0.002987345859940982,-0.018760845523390857
2024-08-28,-0.020966515727281143,-0.011347439115204416,-0.01653843794670573
2024-08-29,-0.06384846553557766,-0.0014638157026305443,0.002575935743848623
2024-08-30,0.015137385425604721,0.011919359316810763,0.03795812428442069
2024-09-03,-0.09525012464640892,-0.030360837468534796,-0.016393416920415627
2024-09-04,-0.016574105789990412,-0.002598495113650179,0.04183284569452206
2024-09-05,0.009415366152928595,0.0009334820963418089,0.04904058305110959
2024-09-06,-0.040854349032131365,-0.026787223288817108,-0.0844593239607937
2024-09-09,0.03539826490052267,0.012859690141132418,0.026289605928169646
2024-09-10,0.01530934349091262,0.009241754896990972,0.04577608406578748
2024-09-11,0.08149864910842997,0.02171537683893665,0.008666077418469476
2024-09-12,0.019161734971396838,0.009816102646506897,0.007364189890953776
2024-09-13,-0.00033571530419806983,0.00447986156236313,0.0020886633855721204
2024-09-16,-0.019479500488299495,-0.004417866701778461,-0.015241628421408637
2024-09-17,-0.010190103383827198,0.0005282997111719645,0.004806404196833203
2024-09-18,-0.019205785926553975,-0.004329484693400443,-0.0029402649901351108
2024-09-19,0.03969304574176635,0.02528418903964247,0.07359155565707187
2024-09-20,-0.01586491134881729,-0.0019033650206984332,-0.02324531900421767
2024-09-23,0.002241382463703534,0.0026507373197077744,0.04931794333683115
2024-09-24,0.039652520801574775,0.004823515288100433,0.017080017089843746
2024-09-25,0.02184159091488813,0.000927162817300653,0.010815214909361437
2024-09-26,0.004291135315719785,0.007513122955532969,-0.01089404681602335
2024-09-27,-0.021283402784998406,-0.005557061033017452,0.024545630573566513
2024-09-30,0.0003294655755305964,0.0027118281242692888,0.004492104223754234
2024-10-01,-0.03656133629605962,-0.013932409463949913,-0.013798172234708361
2024-10-02,0.015812052251946263,0.0014130156695939533,-0.03488095932262847
2024-10-03,0.033655822521443834,-0.0007470827326484519,-0.03357160254966751
2024-10-04,0.016849800830298856,0.011898167880667998,0.03914235030998814
2024-10-07,0.022414444046669146,-0.010711724090688435,-0.03698816351676526
2024-10-08,0.04047905204903657,0.01493465266079852,0.015238957526229946
2024-10-09,-0.001805989996993107,0.007868346489675604,-0.014110416966225725
2024-10-10,0.016283547608302973,-0.0011354590869515624,-0.009458613360014412
2024-10-11,-7.415898055063153e-05,0.001563046574228455,-0.08782510719719305
2024-10-14,0.024258239135950932,0.008391606825974618,0.00624426350457119
2024-10-15,-0.04686035085485096,-0.013366926983950034,0.0018707960177875016
2024-10-16,0.031306881668500264,0.0001222665594771133,0.008015641700267029
2024-10-17,0.008915433610181545,0.0006926341341126907,-0.001987992760882462
2024-10-18,0.007814165037020482,0.006554671510375698,-0.0008601676940163117
2024-10-21,0.04137689234214936,0.001921280193241115,-0.008382378207102636
2024-10-22,-0.0008350079693236756,0.0010899386750795603,-0.004021041161846095
2024-10-23,-0.028066087299259745,-0.015323817883755364,-0.019819274670942355
2024-10-24,0.006090610878756175,0.008108789528267879,0.21919035070290427
2024-10-25,0.008047810739806316,0.006093640781007048,0.03343823359841336
2024-10-28,-0.007206275733810608,0.00016148893416745302,-0.024815158866218545
2024-10-29,0.005194819301187925,0.009608433675244,-0.01139012091242797
2024-10-30,-0.013522137694603975,-0.007557633403587616,-0.007590942139718337
2024-10-31,-0.04722259465484702,-0.025242754573661097,-0.029897037679701755
2024-11-01,0.019885572250839756,0.007398941095160483,-0.003482130697311625
2024-11-04,0.004800569403939692,-0.002913189471627553,-0.024660613282231236
2024-11-05,0.02837187193481605,0.01275693670388689,0.03541429020427711
2024-11-06,0.04074057386925656,0.027163114391273613,0.14751032444224466
2024-11-07,0.02245721733482786,0.015744286564427945,0.02904379065700735
2024-11-08,-0.008396175474305823,0.0011685244979386944,0.08187665372925301
2024-11-11,-0.016053567376132172,-0.0005835803210676449,0.08959591143118995
2024-11-12,0.020859028499437215,-0.0018099224905813172,-0.06145717075892854
2024-11-13,-0.013621673964592462,-0.0012867283630284554,0.005327407385385952
2024-11-14,0.0033498191210372674,-0.006949738264739658,-0.05771559508909463
2024-11-15,-0.03257025829443183,-0.023825888185594613,0.030657525449785616
2024-11-18,-0.01288919433854574,0.006947552316413974,0.056186046847983784
2024-11-19,0.048947663728094115,0.006879796906146929,0.021432396454288627
2024-11-20,-0.007618500812682338,-0.0005759707279378024,-0.011473991967350106
2024-11-21,0.0053465540860482275,0.0035970896197285995,-0.006987644766217049
2024-11-22,-0.032181164088117775,0.0016041696502062663,0.038040225983177356
2024-11-25,-0.041775266855394455,0.0015815212607570572,-0.039624464821427674
2024-11-26,0.006616731288063171,0.005369323605254994,-0.001063189566898104
2024-11-27,-0.01153967447278148,-0.007873437511672021,-0.015788061864523528
2024-11-29,0.021501507990381086,0.008786863442114656,0.03685898787510977
2024-12-02,0.0027486943508627792,0.010887893687410166,0.034563659025395044
2024-12-03,0.011757909474017003,0.0030662631031896925,-0.01587830229999254
2024-12-04,0.03479241673463407,0.012362904164104238,0.018524782309774723
2024-12-05,-0.0004822714247976201,-0.0027711739739033625,0.03229681165351517
2024-12-06,-0.018061393967667372,0.008949670027736945,0.053397958017247005
2024-12-09,-0.025484639527453168,-0.007787592465567816,0.0014644862094215227
2024-12-10,-0.026943168111955185,-0.0034074846250867763,0.02873337295448497
2024-12-11,0.031391002506208965,0.017902397579176332,0.05930322291934931
2024-12-12,-0.014141037449093896,-0.006453747352674788,-0.015702575706076027
2024-12-13,-0.022498892624467803,0.007654310886492377,0.04336284290396253
2024-12-16,-0.01675990292273155,0.014400713246037533,0.06141250567967771
2024-12-17,-0.012196857692458485,-0.00440396777850427,0.036369912179738284
2024-12-18,-0.011350545416578761,-0.036076822758443816,-0.0827949436951747
2024-12-19,0.013730336903056806,-0.00445319928744059,-0.008997322180141931
2024-12-20,0.030762248524884184,0.008732368446084049,-0.034642491239586515
2024-12-23,0.03689681224631136,0.009742775442200369,0.022657123925894362
2024-12-24,0.0039379685270666265,0.013559856656358615,0.07357174228224572
2024-12-26,-0.0020682545779533434,-0.0006794076702663077,-0.017629994630971146
2024-12-27,-0.020867638004440248,-0.013293029341283069,-0.04947922616674816
2024-12-30,0.003503457841931956,-0.013299886650824932,-0.03301209257078741
2024-12-31,-0.023274362158217543,-0.008494816275180117,-0.03251001941775111
